{"sd1.4-base": {"animals": {"nprompts": 112, "clip": 20.20642321428571, "ir": 0.0031190860900097237}, "body-parts": {"nprompts": 112, "clip": 20.19216071428571, "ir": 0.09623750836804645}, "clothes": {"nprompts": 112, "clip": 20.914283035714288, "ir": 0.08868363657633642}, "electronics": {"nprompts": 112, "clip": 21.086446428571428, "ir": -0.03940649458672853}}, "clothes": {"animals": {"nprompts": 112, "clip": 20.23244375, "ir": 0.2949547909749008}, "body-parts": {"nprompts": 112, "clip": 20.26883839285714, "ir": 0.26086635348682286}, "clothes": {"nprompts": 112, "clip": 20.9380625, "ir": 0.12406327177138467}, "electronics": {"nprompts": 112, "clip": 21.109792857142846, "ir": 0.1775510449278954}}, "animals": {"animals": {"nprompts": 112, "clip": 20.154912499999995, "ir": 0.37355017154810144}, "body-parts": {"nprompts": 112, "clip": 20.370160714285714, "ir": 0.29093901435511976}, "clothes": {"nprompts": 112, "clip": 20.985311607142858, "ir": 0.19217955708570247}, "electronics": {"nprompts": 112, "clip": 21.123847321428574, "ir": 0.24798926704430155}, "food": {"nprompts": 112, "clip": 20.371626785714277, "ir": 0.17933767051311283}, "text": {"nprompts": 112, "clip": 21.615595535714288, "ir": 0.16573994816280901}, "vehicles": {"nprompts": 112, "clip": 20.59027053571428, "ir": 0.42685355827312116}}, "body-parts": {"animals": {"nprompts": 112, "clip": 20.148512499999985, "ir": 0.48086545209662285}, "body-parts": {"nprompts": 112, "clip": 20.249526785714284, "ir": 0.3133125071347292}, "clothes": {"nprompts": 112, "clip": 20.906123214285714, "ir": 0.13916928971385847}, "electronics": {"nprompts": 112, "clip": 21.187904464285708, "ir": 0.40349257021443896}}, "text": {"animals": {"nprompts": 112, "clip": 20.19012142857143, "ir": 0.3722308992271011}, "body-parts": {"nprompts": 112, "clip": 20.23419107142857, "ir": 0.21285912723812675}, "clothes": {"nprompts": 112, "clip": 20.901716071428577, "ir": 0.2750126183008044}, "electronics": {"nprompts": 112, "clip": 21.180173214285716, "ir": 0.24042762430950196}, "food": {"nprompts": 112, "clip": 20.32650089285714, "ir": 0.10638489290639493}, "text": {"nprompts": 112, "clip": 21.617177678571437, "ir": 0.25573189564706156}, "vehicles": {"nprompts": 112, "clip": 20.58267142857143, "ir": 0.32045541677091804}}, "vehicles": {"animals": {"nprompts": 112, "clip": 20.216819642857136, "ir": 0.43637594241174926}, "body-parts": {"nprompts": 112, "clip": 20.300837499999993, "ir": 0.2306122285995765}, "clothes": {"nprompts": 112, "clip": 20.942780357142865, "ir": 0.2817636671043146}, "electronics": {"nprompts": 112, "clip": 21.104176785714294, "ir": 0.3327439743817585}, "food": {"nprompts": 112, "clip": 20.429342857142846, "ir": 0.13021321561037824}, "text": {"nprompts": 112, "clip": 21.642274107142857, "ir": 0.23041331814186256}, "vehicles": {"nprompts": 112, "clip": 20.48155982142857, "ir": 0.41141220168875803}}, "electronics": {"animals": {"nprompts": 112, "clip": 20.29594910714286, "ir": 0.2841180190340051}, "body-parts": {"nprompts": 112, "clip": 20.154152678571418, "ir": 0.3910034866421486}, "clothes": {"nprompts": 112, "clip": 20.79062767857142, "ir": 0.3774301101927577}}, "merged-0.0": {"animals": {"nprompts": 112, "clip": 20.134191071428575, "ir": 0.05669164794796542}, "body-parts": {"nprompts": 112, "clip": 20.270699107142867, "ir": 0.04910453137875133}}, "food": {"animals": {"nprompts": 112, "clip": 20.202772321428572, "ir": 0.22392768640669866}}}