{"Base Model": {"parti-prompts": {"nprompts": 20, "clip": 22.448014999999998, "ir": 0.1309010874480009}}, "Threshold = 0.0": {"parti-prompts": {"nprompts": 20, "clip": 22.332739999999994, "ir": 0.2044304970651865}}, "Threshold = 0.2": {"parti-prompts": {"nprompts": 20, "clip": 23.035510000000002, "ir": 0.513522069901228}}, "Threshold = 0.5": {"parti-prompts": {"nprompts": 20, "clip": 22.542375, "ir": 0.20853384211659431}}, "Threshold = 0.7": {"parti-prompts": {"nprompts": 20, "clip": 21.980079999999997, "ir": 0.04129169434309005}}}