{"sd1.4-base": {"animals": {"nprompts": 20, "clip": 21.371240000000004, "ir": -2.274361479282379}, "body-parts": {"nprompts": 20, "clip": 19.968455, "ir": -2.268426811695099}, "clothes": {"nprompts": 20, "clip": 20.267605, "ir": -2.271157467365265}, "electronics": {"nprompts": 20, "clip": 21.840659999999996, "ir": -2.230261868238449}, "food": {"nprompts": 20, "clip": 20.677844999999998, "ir": -2.270894575119018}, "text": {"nprompts": 20, "clip": 21.92935, "ir": -2.2128976643085476}, "vehicles": {"nprompts": 20, "clip": 20.70854, "ir": -2.277536737918854}}}