{"sdxl1_1.0_sdxl1-tuned_0.0": {"parti-prompts": {"nprompts": 20, "clip": 22.111129999999996, "ir": 0.6903570184484124}}, "sdxl1_0.9_sdxl1-tuned_0.1": {"parti-prompts": {"nprompts": 20, "clip": 22.178330000000003, "ir": 0.859396494925022}}, "sdxl1_0.8_sdxl1-tuned_0.2": {"parti-prompts": {"nprompts": 20, "clip": 21.767484999999997, "ir": 0.37014324385672803}}, "sdxl1_0.7_sdxl1-tuned_0.3": {"parti-prompts": {"nprompts": 20, "clip": 22.079625, "ir": 0.9166661687195301}}, "sdxl1_0.6_sdxl1-tuned_0.4": {"parti-prompts": {"nprompts": 20, "clip": 22.633475, "ir": 0.8618603780865669}}, "sdxl1_0.5_sdxl1-tuned_0.5": {"parti-prompts": {"nprompts": 20, "clip": 23.069315000000003, "ir": 0.5499797388911247}}, "sdxl1_0.4_sdxl1-tuned_0.6": {"parti-prompts": {"nprompts": 20, "clip": 22.594765, "ir": 0.8845937354490161}}, "sdxl1_0.2_sdxl1-tuned_0.8": {"parti-prompts": {"nprompts": 20, "clip": 22.731179999999995, "ir": 0.32493694834411146}}, "sdxl1_0.3_sdxl1-tuned_0.7": {"parti-prompts": {"nprompts": 20, "clip": 22.34419, "ir": 0.47350300438702103}}, "sdxl1_0.1_sdxl1-tuned_0.9": {"parti-prompts": {"nprompts": 20, "clip": 23.135315000000002, "ir": 0.5176079213619231}}, "sdxl1_0.0_sdxl1-tuned_1.0": {"parti-prompts": {"nprompts": 20, "clip": 21.491559999999996, "ir": 0.42119237588485703}}, "sdxl1": {"parti-prompts": {"nprompts": 20, "clip": 21.846625}}, "sdxl1_0.95_sdxl1-tuned_0.05": {"parti-prompts": {"nprompts": 20, "clip": 21.839005, "ir": 0.9113240368664265}}, "sdxl1_0.85_sdxl1-tuned_0.15": {"parti-prompts": {"nprompts": 20, "clip": 22.611900000000002, "ir": 0.7188620352651924}}, "sdxl1_0.75_sdxl1-tuned_0.25": {"parti-prompts": {"nprompts": 20, "clip": 22.16271, "ir": 0.5934737953357399}}, "sdxl1_0.65_sdxl1-tuned_0.35": {"parti-prompts": {"nprompts": 20, "clip": 21.87422, "ir": 0.6906139949336648}}, "sdxl1_0.45_sdxl1-tuned_0.55": {"parti-prompts": {"nprompts": 20, "clip": 22.147444999999998, "ir": -0.006836484000086782}}, "sdxl1_0.35_sdxl1-tuned_0.65": {"parti-prompts": {"nprompts": 20, "clip": 22.90343, "ir": 0.5365927661769092}}, "sdxl1_0.25_sdxl1-tuned_0.75": {"parti-prompts": {"nprompts": 20, "clip": 21.686950000000003, "ir": 0.8229563932865859}}, "sdxl1_0.15_sdxl1-tuned_0.85": {"parti-prompts": {"nprompts": 20, "clip": 22.628535000000003, "ir": 0.5834479023702442}}, "sdxl1_0.05_sdxl1-tuned_0.95": {"parti-prompts": {"nprompts": 20, "clip": 22.175005000000002, "ir": 0.23910266309976577}}}