{"animals": {"nprompts": 112, "clip": 20.23265357142856, "ir": 0.1416191872475403}, "body-parts": {"nprompts": 112, "clip": 20.212529464285712, "ir": 0.16661185823925617}, "clothes": {"nprompts": 112, "clip": 20.868018749999997, "ir": 0.08706738068888492}, "electronics": {"nprompts": 112, "clip": 21.056395535714294, "ir": 0.140503562082968965}, "food": {"nprompts": 112, "clip": 20.349439285714293, "ir": 0.12283148925468722}, "text": {"nprompts": 112, "clip": 21.586996428571418, "ir": 0.10522416500108585}, "vehicles": {"nprompts": 112, "clip": 20.60587142857143, "ir": 0.18637594688750267}}