{"animals": {"nprompts": 112, "clip": 20.225250000000003, "ir": -0.022064782520918202}, "body-parts": {"nprompts": 112, "clip": 20.212529464285712, "ir": 0.16661185823925617}, "clothes": {"nprompts": 112, "clip": 20.936366071428562, "ir": -0.008581530684490909}, "electronics": {"nprompts": 112, "clip": 21.015432142857136, "ir": -0.0634018278984253}, "food": {"nprompts": 112, "clip": 20.430633928571435, "ir": -0.021380566243481385}, "text": {"nprompts": 112, "clip": 21.459872321428573, "ir": 0.03320682652494204}, "vehicles": {"nprompts": 112, "clip": 20.58355357142858, "ir": 0.07756549581621838}}