{"animals": {"nprompts": 112, "clip": 20.24083482142857, "ir": 0.03223880152550658}, "body-parts": {"nprompts": 112, "clip": 20.211436607142865, "ir": 0.01719434481180673}, "clothes": {"nprompts": 112, "clip": 20.868018749999997, "ir": 0.08706738068888492}, "electronics": {"nprompts": 112, "clip": 21.138311607142853, "ir": 0.0017868563050536905}, "food": {"nprompts": 112, "clip": 20.36813125000001, "ir": -0.0014858805225230875}, "text": {"nprompts": 112, "clip": 21.607060714285712, "ir": 0.07489700256181611}, "vehicles": {"nprompts": 112, "clip": 20.60587142857143, "ir": 0.18637594688750267}}