{"animals": {"nprompts": 112, "clip": 20.23265357142856, "ir": 0.1416191872475403}, "body-parts": {"nprompts": 112, "clip": 20.287813392857142, "ir": 0.07604278889318397}, "clothes": {"nprompts": 112, "clip": 20.840936607142854, "ir": 0.15945611234305293}, "electronics": {"nprompts": 112, "clip": 21.056395535714294, "ir": 0.040503562082968965}, "food": {"nprompts": 112, "clip": 20.223082142857145, "ir": -0.03863584738324521}, "text": {"nprompts": 112, "clip": 21.470257142857132, "ir": 0.014421378096033407}, "vehicles": {"nprompts": 112, "clip": 20.56281785714286, "ir": 0.1470970675415758}}