{"animals": {"nprompts": 112, "clip": 20.292807142857143, "ir": 0.028514412439627834}, "body-parts": {"nprompts": 112, "clip": 20.171528571428578, "ir": 0.04631961149841249}, "clothes": {"nprompts": 112, "clip": 20.857929464285725, "ir": 0.07070163471092071}, "electronics": {"nprompts": 112, "clip": 21.040597321428585, "ir": 0.06672635400069078}, "food": {"nprompts": 112, "clip": 20.326951785714297, "ir": -0.1432865906083732}, "text": {"nprompts": 112, "clip": 21.586996428571418, "ir": 0.10522416500108585}, "vehicles": {"nprompts": 112, "clip": 20.52950267857143, "ir": 0.07684090368898712}}