{"animals": {"nprompts": 112, "clip": 20.27520267857142, "ir": 0.20212118214528474}, "body-parts": {"nprompts": 112, "clip": 20.233107142857143, "ir": -0.05119233052911504}, "clothes": {"nprompts": 112, "clip": 20.848647321428572, "ir": -0.04126995134616401}, "electronics": {"nprompts": 112, "clip": 21.18805625, "ir": 0.08414064635664031}, "food": {"nprompts": 112, "clip": 20.349439285714293, "ir": -0.12283148925468722}, "text": {"nprompts": 112, "clip": 21.531479464285713, "ir": 0.10947728537887866}, "vehicles": {"nprompts": 112, "clip": 20.52529464285715, "ir": 0.10596604834842893}}