{"animals": {"nprompts": 112, "clip": 20.113543749999995, "ir": 0.6586736799134608}, "body-parts": {"nprompts": 112, "clip": 20.27002232142857, "ir": 0.3463372061378322}, "clothes": {"nprompts": 112, "clip": 20.958127678571426, "ir": 0.5124708315145524}, "electronics": {"nprompts": 112, "clip": 21.074665178571422, "ir": 0.42503531254728194}, "food": {"nprompts": 112, "clip": 20.349395535714294, "ir": 0.16537166331545455}, "text": {"nprompts": 112, "clip": 21.55107767857143, "ir": 0.34427751347954777}, "vehicles": {"nprompts": 112, "clip": 20.593296428571424, "ir": 0.49306178578678683}}