{"animals": {"nprompts": 112, "clip": 20.198068750000008, "ir": 0.019591112720913142}, "body-parts": {"nprompts": 112, "clip": 20.198388392857154, "ir": -0.09534840862865428}, "clothes": {"nprompts": 112, "clip": 20.954502678571437, "ir": 0.014753361440463256}, "electronics": {"nprompts": 112, "clip": 21.14645982142857, "ir": 0.04256350547075274}, "food": {"nprompts": 112, "clip": 20.37979642857143, "ir": -0.07674219914146559}, "text": {"nprompts": 112, "clip": 21.455742857142855, "ir": -0.009545533618490594}, "vehicles": {"nprompts": 112, "clip": 20.51416964285714, "ir": 0.1731377811936129}}