{"animals": {"nprompts": 112, "clip": 20.195120535714295, "ir": 0.40404296584893007}, "body-parts": {"nprompts": 112, "clip": 20.21687321428571, "ir": 0.47084307848542406}, "clothes": {"nprompts": 112, "clip": 20.839615178571428, "ir": 0.5168204985280421}, "electronics": {"nprompts": 112, "clip": 20.995565178571432, "ir": 0.3648213593280938}, "food": {"nprompts": 112, "clip": 20.366708035714282, "ir": 0.2173104873758608}, "text": {"nprompts": 112, "clip": 21.621086607142864, "ir": 0.4077748866818314}, "vehicles": {"nprompts": 112, "clip": 20.575372321428567, "ir": 0.47549064505645755}}