{"animals": {"nprompts": 112, "clip": 20.105858035714284, "ir": 0.6106057211810759}, "body-parts": {"nprompts": 112, "clip": 20.178460714285723, "ir": 0.45766012971788383}, "clothes": {"nprompts": 112, "clip": 20.882407142857147, "ir": 0.44074500135944344}, "electronics": {"nprompts": 112, "clip": 21.094046428571435, "ir": 0.3634007723719281}, "food": {"nprompts": 112, "clip": 20.369179464285715, "ir": 0.31643897805354615}, "text": {"nprompts": 112, "clip": 21.649048214285717, "ir": 0.4089274119053569}, "vehicles": {"nprompts": 112, "clip": 20.535603571428563, "ir": 0.5985104487709968}}