{"animals": {"nprompts": 112, "clip": 20.117695535714294, "ir": 0.5240576567801848}, "body-parts": {"nprompts": 112, "clip": 20.278926785714283, "ir": 0.41546234968284673}, "clothes": {"nprompts": 112, "clip": 20.863245535714288, "ir": 0.3904247361102276}, "electronics": {"nprompts": 112, "clip": 21.18226517857143, "ir": 0.3995329421658037}, "food": {"nprompts": 112, "clip": 20.310287500000005, "ir": 0.2679228441556915}, "text": {"nprompts": 112, "clip": 21.762313392857145, "ir": 0.35390263776311504}, "vehicles": {"nprompts": 112, "clip": 20.51025357142857, "ir": 0.450041479547508}}