{"animals": {"nprompts": 112, "clip": 20.135471428571428, "ir": 0.525499989927214}, "body-parts": {"nprompts": 112, "clip": 20.254981249999993, "ir": 0.28061210201953407}, "clothes": {"nprompts": 112, "clip": 20.920845535714292, "ir": 0.3868876941102957}, "electronics": {"nprompts": 112, "clip": 21.074193749999992, "ir": 0.3008761120477825}, "food": {"nprompts": 112, "clip": 20.43703482142857, "ir": 0.3365504234919041}, "text": {"nprompts": 112, "clip": 21.617614285714264, "ir": 0.22742698850509313}, "vehicles": {"nprompts": 112, "clip": 20.450055357142862, "ir": 0.4861857136378864}}