{"animals": {"nprompts": 112, "clip": 20.186177678571422, "ir": 0.021593361843510402}, "body-parts": {"nprompts": 112, "clip": 20.14230892857143, "ir": -0.011170604482426173}, "clothes": {"nprompts": 112, "clip": 20.909629464285704, "ir": 0.05007626990638008}, "electronics": {"nprompts": 112, "clip": 21.11327410714286, "ir": 0.09041414599674423}, "food": {"nprompts": 112, "clip": 20.31136785714285, "ir": -0.09252489233248136}, "text": {"nprompts": 112, "clip": 21.558271428571423, "ir": 0.041940780722403107}, "vehicles": {"nprompts": 112, "clip": 20.59173125000001, "ir": 0.12863904964511413}}