{"animals": {"nprompts": 112, "clip": 20.17630714285714, "ir": 0.5925746474282018}, "body-parts": {"nprompts": 112, "clip": 20.22595, "ir": 0.38491185322137844}, "clothes": {"nprompts": 112, "clip": 21.061697321428575, "ir": 0.329240044724429}, "electronics": {"nprompts": 112, "clip": 21.196197321428585, "ir": 0.22360224326673364}, "food": {"nprompts": 112, "clip": 20.254234821428568, "ir": 0.18930674893324204}, "text": {"nprompts": 112, "clip": 21.794400000000003, "ir": 0.5920222582145859}, "vehicles": {"nprompts": 112, "clip": 20.570919642857138, "ir": 0.539580578633052}}