{"animals": {"nprompts": 112, "clip": 20.155466071428567, "ir": 0.5407692042977682}, "body-parts": {"nprompts": 112, "clip": 20.18397232142857, "ir": 0.42336121560739604}, "clothes": {"nprompts": 112, "clip": 20.95318035714286, "ir": 0.34028808471547184}, "electronics": {"nprompts": 112, "clip": 21.15225446428571, "ir": 0.31105061303242115}, "food": {"nprompts": 112, "clip": 20.382059821428562, "ir": 0.3368826826668477}, "text": {"nprompts": 112, "clip": 21.661466071428567, "ir": 0.22954354519190798}, "vehicles": {"nprompts": 112, "clip": 20.465895535714285, "ir": 0.4277846478923624}}